INSERT INTO promotion_information (id, content) VALUES
                                                    (1, '은둔청년을 위한 상담 지원 프로그램 안내'),
                                                    (2, '고립청년 대상 취업 연계 서비스 홍보'),
                                                    (3, '정신건강 전문상담소 무료 이용 이벤트'),
                                                    (4, '1인 가구 청년을 위한 지역 커뮤니티 소개'),
                                                    (5, '은둔고립청년 복귀 지원금 안내'),
                                                    (6, '심리치료 프로그램 참여자 모집'),
                                                    (7, '청년 대상 자립 생활 교육과정 홍보'),
                                                    (8, '고립청년 긴급지원 핫라인 안내'),
                                                    (9, '청년 복지센터 신규 오픈 소식'),
                                                    (10, '은둔청년 위한 거리 캠페인 일정 공지');

INSERT INTO promotion_place_type (id, place_type) VALUES
                                                      (1, 'pc방'),
                                                      (2, '카페'),
                                                      (3, '약국'),
                                                      (4, '식당'),
                                                      (5, '복지관'),
                                                      (6, '편의점'),
                                                      (7, '병원'),
                                                      (8, '마트'),
                                                      (9, '학교'),
                                                      (10, '보건소');


INSERT INTO promotion_types (id, type) VALUES
    (1, '현수막'),
    (2, 'X배너'),
    (3, '포스터');


INSERT INTO promotion_status (place_name, address, latitude, longitude, is_published, created_at, promotion_type_id, hangjung_id, promotion_information_id, promotion_place_type)
VALUES
('월드PC방', '경상남도 양산시 원동면 원리로 150', 35.336734, 128.996745, TRUE, '2025-04-22', 3, 11, 9, 2),
('카페라떼', '경상남도 양산시 동면 금산로 25', 35.314054, 129.007919, TRUE, '2025-04-18', 1, 10, 9, 7),
('청년센터', '경상남도 양산시 강서로 13', 35.413821, 128.999159, FALSE, '2025-04-11', 2, 4, 3, 4),
('온유다방', '경상남도 양산시 하북면 순지리로 57', 35.356989, 129.023078, FALSE, '2025-04-20', 2, 13, 1, 8),
('월드PC방', '경상남도 양산시 물금읍 가촌로 50', 35.382806, 129.079529, FALSE, '2025-04-19', 1, 9, 2, 1),
('굿마트', '경상남도 양산시 원동면 원리로 50', 35.428298, 129.083978, FALSE, '2025-04-09', 2, 11, 6, 3),
('브런치101', '경상남도 양산시 소주로 146', 35.405273, 129.062026, TRUE, '2025-04-20', 3, 6, 3, 9),
('굿마트', '경상남도 양산시 상북면 신기리로 246', 35.356918, 129.098743, TRUE, '2025-04-22', 2, 12, 1, 4),
('온유다방', '경상남도 양산시 중부로 147', 35.309928, 129.089576, FALSE, '2025-04-07', 3, 1, 8, 7),
('청년센터', '경상남도 양산시 원동면 원리로 145', 35.320945, 129.069399, FALSE, '2025-04-24', 3, 11, 7, 10),
('브런치101', '경상남도 양산시 평산로 80', 35.376429, 128.990909, TRUE, '2025-04-28', 1, 7, 3, 3),
('카페라떼', '경상남도 양산시 하북면 순지리로 207', 35.357243, 129.099535, FALSE, '2025-04-18', 1, 13, 2, 9),
('중앙초등학교', '경상남도 양산시 하북면 순지리로 67', 35.344025, 128.998979, TRUE, '2025-04-24', 3, 13, 5, 9),
('행복약국', '경상남도 양산시 하북면 순지리로 162', 35.42625, 129.04092, TRUE, '2025-04-05', 2, 13, 3, 9),
('보건소', '경상남도 양산시 하북면 순지리로 175', 35.373291, 128.993424, FALSE, '2025-04-29', 2, 13, 4, 1),
('삼성약국', '경상남도 양산시 강서로 258', 35.422403, 129.097358, TRUE, '2025-04-05', 3, 4, 8, 9),
('중앙초등학교', '경상남도 양산시 삼성로 118', 35.439337, 129.070632, TRUE, '2025-04-23', 2, 3, 7, 6),
('보건소', '경상남도 양산시 덕계로 71', 35.337186, 128.987683, TRUE, '2025-04-19', 3, 8, 4, 10),
('BBQ양산', '경상남도 양산시 강서로 40', 35.334341, 129.08865, FALSE, '2025-04-03', 3, 4, 4, 5),
('사이버존', '경상남도 양산시 원동면 원리로 286', 35.319847, 129.092262, FALSE, '2025-04-08', 2, 11, 7, 4),
('월드PC방', '경상남도 양산시 양주로 191', 35.363537, 129.036043, TRUE, '2025-04-22', 3, 2, 2, 1),
('온유다방', '경상남도 양산시 평산로 137', 35.328739, 129.044354, TRUE, '2025-04-14', 1, 7, 5, 8),
('삼성약국', '경상남도 양산시 강서로 291', 35.314686, 129.058257, TRUE, '2025-04-03', 1, 4, 3, 7),
('사이버존', '경상남도 양산시 덕계로 215', 35.435366, 128.999756, TRUE, '2025-04-13', 2, 8, 8, 5),
('양산중학교', '경상남도 양산시 평산로 89', 35.328485, 129.006124, TRUE, '2025-04-19', 3, 7, 9, 1),
('온유다방', '경상남도 양산시 상북면 신기리로 35', 35.387627, 129.040342, TRUE, '2025-04-02', 3, 12, 2, 3),
('삼성약국', '경상남도 양산시 양주로 216', 35.317983, 129.086834, TRUE, '2025-04-19', 3, 2, 1, 10),
('카페라떼', '경상남도 양산시 양주로 143', 35.330639, 129.065943, TRUE, '2025-04-09', 2, 2, 3, 5),
('온유다방', '경상남도 양산시 덕계로 14', 35.368743, 129.099815, TRUE, '2025-04-03', 3, 8, 4, 9),
('조이편의점', '경상남도 양산시 서창로 45', 35.431891, 129.024343, TRUE, '2025-04-15', 3, 5, 5, 10),
('보건소', '경상남도 양산시 하북면 순지리로 293', 35.344907, 129.059607, TRUE, '2025-04-09', 1, 13, 2, 9),
('중앙초등학교', '경상남도 양산시 삼성로 117', 35.407642, 129.004432, FALSE, '2025-04-17', 2, 3, 5, 1),
('카페라떼', '경상남도 양산시 양주로 32', 35.300532, 129.072534, FALSE, '2025-04-06', 3, 2, 8, 9),
('카페라떼', '경상남도 양산시 상북면 신기리로 67', 35.311287, 129.085973, TRUE, '2025-04-18', 1, 12, 6, 10),
('조이편의점', '경상남도 양산시 물금읍 가촌로 75', 35.306274, 129.023758, TRUE, '2025-04-29', 2, 9, 4, 4),
('월드PC방', '경상남도 양산시 원동면 원리로 296', 35.43262, 129.028765, TRUE, '2025-04-30', 1, 11, 3, 3),
('BBQ양산', '경상남도 양산시 평산로 180', 35.417358, 129.029406, TRUE, '2025-04-09', 1, 7, 2, 7),
('사이버존', '경상남도 양산시 중앙로 112', 35.422488, 129.035236, FALSE, '2025-04-27', 1, 1, 4, 1),
('참조은의원', '경상남도 양산시 원동면 원리로 178', 35.34179, 128.98833, FALSE, '2025-04-12', 3, 11, 9, 7),
('양산중학교', '경상남도 양산시 원동면 원리로 24', 35.317301, 129.096448, TRUE, '2025-04-19', 2, 11, 1, 2),
('카페라떼', '경상남도 양산시 금오로 170', 35.365459, 129.098108, TRUE, '2025-04-13', 3, 10, 4, 5),
('카페라떼', '경상남도 양산시 중앙로 276', 35.438836, 129.044614, TRUE, '2025-04-12', 2, 1, 2, 6),
('온유다방', '경상남도 양산시 동면 금산로 163', 35.376068, 129.060027, FALSE, '2025-04-13', 3, 10, 5, 9),
('참조은의원', '경상남도 양산시 삼성로 204', 35.401598, 129.088337, FALSE, '2025-04-13', 3, 3, 1, 5),
('참조은의원', '경상남도 양산시 서창로 174', 35.369748, 129.033059, TRUE, '2025-04-17', 2, 5, 3, 2),
('보건소', '경상남도 양산시 서창로 57', 35.422764, 129.070137, FALSE, '2025-04-08', 1, 5, 3, 1),
('굿마트', '경상남도 양산시 중부로 47', 35.368312, 129.086336, TRUE, '2025-04-23', 3, 1, 7, 8),
('굿마트', '경상남도 양산시 평산로 12', 35.433899, 129.083253, TRUE, '2025-04-25', 2, 7, 4, 3),
('보건소', '경상남도 양산시 하북면 순지리로 35', 35.383611, 129.090096, TRUE, '2025-04-15', 1, 13, 8, 9),
('온유다방', '경상남도 양산시 물금읍 가촌로 268', 35.364011, 129.088823, FALSE, '2025-04-29', 1, 9, 8, 8),
('굿마트', '경상남도 양산시 서창로 276', 35.37269, 129.00871, FALSE, '2025-04-03', 3, 5, 5, 4),
('온유다방', '경상남도 양산시 서창로 286', 35.312087, 128.9981, FALSE, '2025-04-23', 1, 5, 4, 2),
('카페라떼', '경상남도 양산시 평산로 287', 35.369889, 128.987472, FALSE, '2025-04-13', 3, 7, 1, 10),
('사이버존', '경상남도 양산시 평산로 190', 35.344792, 129.026798, FALSE, '2025-04-18', 3, 7, 9, 10),
('사이버존', '경상남도 양산시 강서로 149', 35.365375, 128.983483, FALSE, '2025-04-22', 3, 4, 7, 3),
('조이편의점', '경상남도 양산시 덕계로 211', 35.388784, 129.05956, TRUE, '2025-04-21', 2, 8, 3, 8),
('스마일치킨', '경상남도 양산시 삼성로 204', 35.349103, 129.034564, FALSE, '2025-04-25', 2, 3, 5, 7),
('삼성약국', '경상남도 양산시 서창로 19', 35.412354, 128.98625, FALSE, '2025-04-08', 3, 5, 2, 1),
('BBQ양산', '경상남도 양산시 하북면 순지리로 112', 35.425884, 129.05456, TRUE, '2025-04-05', 2, 13, 2, 10),
('청년센터', '경상남도 양산시 강서로 198', 35.325168, 129.05287, TRUE, '2025-04-25', 1, 4, 5, 2),
('BBQ양산', '경상남도 양산시 금오로 202', 35.359498, 129.065802, TRUE, '2025-04-19', 3, 10, 4, 2),
('편한내과', '경상남도 양산시 상북면 신기리로 299', 35.417395, 129.021664, FALSE, '2025-04-22', 2, 12, 2, 9),
('온유다방', '경상남도 양산시 원동면 원리로 225', 35.42335, 128.992665, FALSE, '2025-04-21', 2, 11, 3, 7),
('보건소', '경상남도 양산시 삼성로 285', 35.416196, 129.035785, FALSE, '2025-04-11', 1, 3, 2, 5),
('굿마트', '경상남도 양산시 덕계로 204', 35.350459, 129.039317, FALSE, '2025-04-06', 2, 8, 4, 6),
('중앙초등학교', '경상남도 양산시 하북면 순지리로 153', 35.432048, 129.064142, FALSE, '2025-04-18', 1, 13, 9, 4),
('굿마트', '경상남도 양산시 양주로 260', 35.383276, 129.008839, FALSE, '2025-04-21', 3, 2, 8, 8),
('BBQ양산', '경상남도 양산시 하북면 순지리로 160', 35.333239, 129.063014, FALSE, '2025-04-22', 3, 13, 6, 8),
('보건소', '경상남도 양산시 물금읍 가촌로 227', 35.449495, 129.046047, FALSE, '2025-04-23', 2, 9, 5, 5),
('굿마트', '경상남도 양산시 서창로 108', 35.347332, 129.069146, TRUE, '2025-04-07', 1, 5, 8, 5),
('보건소', '경상남도 양산시 상북면 신기리로 61', 35.424894, 129.01555, FALSE, '2025-04-06', 2, 12, 1, 9),
('중앙초등학교', '경상남도 양산시 삼성로 37', 35.383004, 129.06369, TRUE, '2025-04-21', 2, 3, 2, 1),
('편한내과', '경상남도 양산시 금오로 255', 35.36607, 129.002124, TRUE, '2025-04-09', 2, 10, 2, 2),
('사이버존', '경상남도 양산시 평산로 37', 35.322759, 129.077337, FALSE, '2025-04-03', 1, 7, 2, 9),
('카페라떼', '경상남도 양산시 하북면 순지리로 277', 35.357057, 129.089021, FALSE, '2025-04-28', 3, 13, 7, 5),
('스마일치킨', '경상남도 양산시 동면 금산로 116', 35.393827, 129.011758, TRUE, '2025-04-06', 1, 10, 3, 9),
('행복약국', '경상남도 양산시 양주로 219', 35.367576, 129.051257, FALSE, '2025-04-02', 1, 2, 5, 5),
('청년센터', '경상남도 양산시 상북면 신기리로 129', 35.438587, 129.074539, TRUE, '2025-04-14', 1, 12, 9, 4),
('조이편의점', '경상남도 양산시 원동면 원리로 82', 35.310711, 128.999911, FALSE, '2025-04-20', 3, 11, 10, 5),
('월드PC방', '경상남도 양산시 덕계로 165', 35.40496, 129.093121, FALSE, '2025-04-15', 1, 8, 10, 1),
('온유다방', '경상남도 양산시 평산로 23', 35.313699, 129.095429, TRUE, '2025-04-25', 3, 7, 5, 10),
('행복약국', '경상남도 양산시 중부로 275', 35.397726, 129.089929, TRUE, '2025-04-19', 2, 1, 8, 2),
('브런치101', '경상남도 양산시 덕계로 180', 35.348159, 128.992552, TRUE, '2025-04-11', 2, 8, 8, 5),
('동행한의원', '경상남도 양산시 원동면 원리로 242', 35.313209, 129.010288, TRUE, '2025-04-25', 2, 11, 9, 1),
('양산중학교', '경상남도 양산시 원동면 원리로 221', 35.308131, 129.042213, FALSE, '2025-04-21', 2, 11, 1, 4),
('양산중학교', '경상남도 양산시 서창로 157', 35.365717, 129.06379, TRUE, '2025-04-01', 3, 5, 10, 4),
('행복약국', '경상남도 양산시 상북면 신기리로 292', 35.302051, 129.028959, TRUE, '2025-04-27', 1, 12, 8, 2),
('조이편의점', '경상남도 양산시 원동면 원리로 159', 35.376331, 129.012811, FALSE, '2025-04-16', 1, 11, 8, 9),
('동행한의원', '경상남도 양산시 삼성로 270', 35.411944, 128.996381, TRUE, '2025-04-09', 2, 3, 6, 9),
('BBQ양산', '경상남도 양산시 서창로 162', 35.425621, 129.049591, FALSE, '2025-04-28', 1, 5, 8, 9),
('브런치101', '경상남도 양산시 덕계로 292', 35.414431, 129.025265, FALSE, '2025-04-28', 1, 8, 4, 10),
('굿마트', '경상남도 양산시 평산로 32', 35.347726, 129.036757, FALSE, '2025-04-13', 3, 7, 3, 8),
('조이편의점', '경상남도 양산시 중부로 61', 35.431129, 129.032837, FALSE, '2025-04-01', 3, 1, 3, 7),
('조이편의점', '경상남도 양산시 원동면 원리로 250', 35.417229, 129.011803, FALSE, '2025-04-21', 1, 11, 6, 9),
('온유다방', '경상남도 양산시 평산로 287', 35.305385, 128.98821, FALSE, '2025-04-08', 3, 7, 2, 7),
('월드PC방', '경상남도 양산시 양주로 95', 35.4041, 129.088411, TRUE, '2025-04-11', 1, 2, 5, 6),
('카페라떼', '경상남도 양산시 소주로 135', 35.379675, 129.047911, TRUE, '2025-04-06', 1, 6, 2, 10),
('굿마트', '경상남도 양산시 평산로 83', 35.334828, 129.056549, FALSE, '2025-04-09', 3, 7, 1, 8),
('양산중학교', '경상남도 양산시 서창로 47', 35.366259, 129.021468, FALSE, '2025-04-21', 2, 5, 5, 8),
('참조은의원', '경상남도 양산시 서창로 257', 35.315998, 129.025764, FALSE, '2025-04-19', 2, 5, 5, 1);