TRUNCATE TABLE survey_answers RESTART IDENTITY CASCADE;
TRUNCATE TABLE survey_scale_scores RESTART IDENTITY CASCADE;
TRUNCATE TABLE survey_versions RESTART IDENTITY CASCADE;
TRUNCATE TABLE survey_questions RESTART IDENTITY CASCADE;
TRUNCATE TABLE counseling_log RESTART IDENTITY CASCADE;
TRUNCATE TABLE isolated_youths RESTART IDENTITY CASCADE;
TRUNCATE TABLE personal_info RESTART IDENTITY CASCADE;
TRUNCATE TABLE users RESTART IDENTITY CASCADE;
TRUNCATE TABLE partner_organizations RESTART IDENTITY CASCADE;
TRUNCATE TABLE promotion_status RESTART IDENTITY CASCADE;
TRUNCATE TABLE promotion_types RESTART IDENTITY CASCADE;
TRUNCATE TABLE promotion_place_type RESTART IDENTITY CASCADE;
TRUNCATE TABLE promotion_information RESTART IDENTITY CASCADE;
TRUNCATE TABLE youth_populations RESTART IDENTITY CASCADE;
TRUNCATE TABLE hangjungs RESTART IDENTITY CASCADE;

-- 데이터 삽입 (숫자 값을 문자열로 변경)
INSERT INTO hangjungs (id, hangjung_code, hangjung_name) VALUES
(1,  '48330250', '중앙동'),
(2,  '48330253', '양주동'),
(3,  '48330256', '삼성동'),
(4,  '48330259', '강서동'),
(5,  '48330262', '서창동'),
(6,  '48330265', '소주동'),
(7,  '48330268', '평산동'),
(8,  '48330271', '덕계동'),
(9,  '48330110', '물금읍'),
(10, '48330120', '동면'),
(11, '48330130', '원동면'),
(12, '48330140', '상북면'),
(13, '48330150', '하북면');
    
INSERT INTO youth_populations (
    youth_household_count, youth_male_household_count, youth_female_household_count,
    youth_population, youth_male_population, youth_female_population,
    base_date, hangjung_id
) VALUES
(207, 103, 104, 1821, 1081, 740, '2025-04-01', 1),         -- 중앙동
(588, 294, 294, 6884, 3633, 3251, '2025-04-01', 2),        -- 양주동
(333, 166, 167, 4053, 2400, 1653, '2025-04-01', 3),        -- 삼성동
(151, 75, 76, 1717, 892, 825, '2025-04-01', 4),            -- 강서동
(470, 235, 235, 5234, 2891, 2343, '2025-04-01', 5),        -- 서창동
(422, 211, 211, 3430, 1885, 1545, '2025-04-01', 6),        -- 소주동
(457, 228, 229, 5012, 2710, 2302, '2025-04-01', 7),        -- 평산동
(495, 247, 248, 3986, 2088, 1898, '2025-04-01', 8),        -- 덕계동
(3628, 1814, 1814, 25610, 12875, 12735, '2025-04-01', 9),  -- 물금읍
(1145, 572, 573, 11430, 5840, 5590, '2025-04-01', 10),     -- 동면
(24, 12, 12, 231, 126, 105, '2025-04-01', 11),             -- 원동면
(320, 160, 160, 2145, 1174, 971, '2025-04-01', 12),        -- 상북면
(101, 50, 51, 1024, 625, 399, '2025-04-01', 13);          -- 하북면

INSERT INTO promotion_information (id, content) VALUES
                                                    (1, '은둔청년을 위한 상담 지원 프로그램 안내'),
                                                    (2, '고립청년 대상 취업 연계 서비스 홍보'),
                                                    (3, '정신건강 전문상담소 무료 이용 이벤트'),
                                                    (4, '1인 가구 청년을 위한 지역 커뮤니티 소개'),
                                                    (5, '은둔고립청년 복귀 지원금 안내'),
                                                    (6, '심리치료 프로그램 참여자 모집'),
                                                    (7, '청년 대상 자립 생활 교육과정 홍보'),
                                                    (8, '고립청년 긴급지원 핫라인 안내'),
                                                    (9, '청년 복지센터 신규 오픈 소식'),
                                                    (10, '은둔청년 위한 거리 캠페인 일정 공지');

INSERT INTO promotion_place_type (id, place_type) VALUES
                                                      (1, 'pc방'),
                                                      (2, '카페'),
                                                      (3, '약국'),
                                                      (4, '식당'),
                                                      (5, '복지관'),
                                                      (6, '편의점'),
                                                      (7, '병원'),
                                                      (8, '마트'),
                                                      (9, '학교'),
                                                      (10, '보건소');


INSERT INTO promotion_types (id, type) VALUES
    (1, '현수막'),
    (2, 'X배너'),
    (3, '포스터');

-- 홍보 장소 정보
INSERT INTO promotion_status (place_name, address, latitude, longitude, is_published, created_at, promotion_type_id, hangjung_id, promotion_information_id, promotion_place_type) VALUES
('월드PC방', '경상남도 양산시 원동면 원리로 150', 35.330013, 128.991242, TRUE, '2025-04-22', 3, 11, 9, 2),
('카페라떼', '경상남도 양산시 동면 금산로 25', 35.315795, 129.021755, TRUE, '2025-04-18', 1, 10, 9, 7),
('청년센터', '경상남도 양산시 강서로 13', 35.426674, 129.007070, FALSE, '2025-04-11', 2, 4, 3, 4),
('온유다방', '경상남도 양산시 하북면 순지리로 57', 35.366305, 129.033969, FALSE, '2025-04-20', 2, 13, 1, 8),
('월드PC방', '경상남도 양산시 물금읍 가촌로 50', 35.381376, 129.074904, FALSE, '2025-04-19', 1, 9, 2, 1),
('굿마트', '경상남도 양산시 원동면 원리로 50', 35.331958, 128.985353, FALSE, '2025-04-09', 2, 11, 6, 3),
('브런치101', '경상남도 양산시 소주로 146', 35.395034, 129.053593, TRUE, '2025-04-20', 3, 6, 3, 9),
('굿마트', '경상남도 양산시 상북면 신기리로 246', 35.431613, 129.075910, TRUE, '2025-04-22', 2, 12, 1, 4),
('온유다방', '경상남도 양산시 중부로 147', 35.342085, 129.049584, FALSE, '2025-04-07', 3, 1, 8, 7),
('청년센터', '경상남도 양산시 원동면 원리로 145', 35.339234, 128.982016, FALSE, '2025-04-24', 3, 11, 7, 10),
('브런치101', '경상남도 양산시 평산로 80', 35.344444, 129.015792, TRUE, '2025-04-28', 1, 7, 3, 3),
('카페라떼', '경상남도 양산시 하북면 순지리로 207', 35.357717, 129.034212, FALSE, '2025-04-18', 1, 13, 2, 9),
('중앙초등학교', '경상남도 양산시 하북면 순지리로 67', 35.357500, 129.049516, TRUE, '2025-04-24', 3, 13, 5, 9),
('행복약국', '경상남도 양산시 하북면 순지리로 162', 35.359480, 129.045864, TRUE, '2025-04-05', 2, 13, 3, 9),
('보건소', '경상남도 양산시 물금읍 가촌로 175', 35.385936, 129.084855, FALSE, '2025-04-29', 2, 9, 4, 1),
('삼성약국', '경상남도 양산시 삼성로 258', 35.396498, 129.065652, TRUE, '2025-04-05', 3, 3, 8, 9),
('중앙초등학교', '경상남도 양산시 삼성로 118', 35.395802, 129.064558, TRUE, '2025-04-23', 2, 3, 7, 6),
('보건소', '경상남도 양산시 덕계로 71', 35.346329, 128.995235, TRUE, '2025-04-19', 3, 8, 4, 10),
('BBQ양산', '경상남도 양산시 강서로 40', 35.426951, 129.008935, FALSE, '2025-04-03', 3, 4, 4, 5),
('사이버존', '경상남도 양산시 원동면 원리로 286', 35.337545, 128.991334, FALSE, '2025-04-08', 2, 11, 7, 4),
('월드PC방', '경상남도 양산시 양주로 191', 35.326590, 129.067651, TRUE, '2025-04-22', 3, 2, 2, 1),
('온유다방', '경상남도 양산시 평산로 137', 35.342574, 129.009025, TRUE, '2025-04-14', 1, 7, 5, 8),
('삼성약국', '경상남도 양산시 삼성로 291', 35.397708, 129.071455, TRUE, '2025-04-03', 1, 3, 3, 7),
('사이버존', '경상남도 양산시 덕계로 215', 35.344062, 128.993448, TRUE, '2025-04-13', 2, 8, 8, 5),
('양산중학교', '경상남도 양산시 평산로 89', 35.331196, 129.010778, TRUE, '2025-04-19', 3, 7, 9, 1),
('온유다방', '경상남도 양산시 상북면 신기리로 35', 35.431621, 129.075092, TRUE, '2025-04-02', 3, 12, 2, 3),
('삼성약국', '경상남도 양산시 양주로 216', 35.331551, 129.079467, TRUE, '2025-04-19', 3, 2, 1, 10);

INSERT INTO users (password, role, login_id, name) VALUES
('password1', 0, 'user1', '강지민'),
('password2', 0, 'user2', '정수아'),
('password3', 1, 'user3', '박하율'),
('password4', 0, 'user4', '조하율'),
('password5', 0, 'user5', '이현우'),
('password6', 1, 'user6', '강세진'),
('password7', 0, 'user7', '윤수아'),
('password8', 1, 'user8', '임지환'),
('password9', 0, 'user9', '최은지'),
('password10', 1, 'user10', '한도윤');

INSERT INTO personal_info (id, birth_date, emergency_contact, name, phone_number) VALUES
(1, '1996-11-28', '01088398519', '김지환', '01029962314'),
(2, '1999-05-22', '01011370035', '임하은', '01060097191'),
(3, '2001-11-17', '01073070914', '이현우', '01025306471'),
(4, '1999-02-27', '01076766934', '윤예린', '01030644824'),
(5, '1999-02-23', '01064476178', '강수아', '01049134126'),
(6, '1991-03-27', '01052943589', '임시우', '01077535143'),
(7, '1992-03-01', '01064841947', '김지후', '01076911835'),
(8, '1992-08-31', '01073858689', '최하율', '01051755400'),
(9, '1991-06-15', '01099649908', '윤건우', '01057248559'),
(10, '2009-11-18', '01038731826', '강하람', '01022011531'),
(11, '2008-11-27', '01065561282', '장하은', '01059914376'),
(12, '1994-02-28', '01011535203', '임지민', '01099716328'),
(13, '1993-12-16', '01031092614', '강하람', '01016589797'),
(14, '2003-06-02', '01097298326', '박예준', '01085247046'),
(15, '1996-03-22', '01056142256', '최시우', '01048317858'),
(16, '2004-01-24', '01092177781', '장민준', '01024397792'),
(17, '1998-10-17', '01071866203', '김하람', '01060126801'),
(18, '1994-11-17', '01089448631', '윤현우', '01080351650'),
(19, '2005-08-10', '01031165133', '이유진', '01042928483'),
(20, '2005-11-19', '01071962342', '김세진', '01016620582');

INSERT INTO isolated_youths (
    id, isolation_level, economic_level, economic_activity_recent, isolated_score, process_step, personal_info_id
) VALUES
(1, 'AT_RISK', '상', '무', 17, 'INTERNAL_REVIEW', 1),
(2, 'AT_RISK', '하', '유', 86, 'SELF_DIAGNOSIS', 2),
(3, 'AT_RISK', '중', '무', 53, 'FINAL_SELECTION', 3),
(4, 'NON_RISK', '하', '유', 47, 'INTERNAL_REVIEW', 4),
(5, 'NON_RISK', '상', '유', 10, 'INTERNAL_REVIEW', 5),
(6, 'NON_RISK', '중', '무', 29, 'FINAL_SELECTION', 6),
(7, 'NON_RISK', '상', '유', 51, 'INTERNAL_REVIEW', 7),
(8, 'AT_RISK', '상', '무', 96, 'INTERNAL_REVIEW', 8),
(9, 'NON_RISK', '중', '무', 28, 'COUNSELING', 9),
(10, 'AT_RISK', '중', '무', 12, 'COUNSELING', 10),
(11, 'NON_RISK', '상', '유', 17, 'FINAL_SELECTION', 11),
(12, 'AT_RISK', '상', '무', 93, 'FINAL_SELECTION', 12),
(13, 'AT_RISK', '중', '무', 76, 'FINAL_SELECTION', 13),
(14, 'AT_RISK', '중', '유', 70, 'FINAL_SELECTION', 14),
(15, 'NON_RISK', '중', '무', 12, 'INTERNAL_REVIEW', 15),
(16, 'NON_RISK', '상', '무', 14, 'COUNSELING', 16),
(17, 'AT_RISK', '하', '유', 62, 'COUNSELING', 17),
(18, 'AT_RISK', '상', '유', 69, 'FINAL_SELECTION', 18),
(19, 'NON_RISK', '상', '무', 31, 'COUNSELING', 19),
(20, 'NON_RISK', '하', '무', 15, 'COUNSELING', 20);

INSERT INTO counseling_log (
    id, client_keyword, consultation_date, process_step, counselor_keyword,
    full_script, memo_keyword, summarize, voice_file_url, isolated_youth_id, user_id
) VALUES
(1, '가족문제, 사회적 고립', '2024-06-02 14:35:06.047817', 'IN_PROGRESS', '적응문제, 사회불안',
'내담자는 최근 몇 년간 거의 외부활동을 하지 않았고 가족과의 갈등도 지속되고 있음. 외부활동을 시도하고 싶지만 두려움이 크다고 표현함.',
'외출 거부, 인터넷 과몰입', '사회적 접촉 회피가 강하고, 초기 개입이 필요한 상태. 상담 지속 필요.',
'http://example.com/voice/1.mp3', 16, 7),
(2, '가족문제, 사회적 고립', '2024-02-12 00:43:43.261838', 'IN_PROGRESS', '적응문제, 사회불안',
'내담자는 최근 몇 년간 거의 외부활동을 하지 않았고 가족과의 갈등도 지속되고 있음. 외부활동을 시도하고 싶지만 두려움이 크다고 표현함.',
'외출 거부, 인터넷 과몰입', '사회적 접촉 회피가 강하고, 초기 개입이 필요한 상태. 상담 지속 필요.',
'http://example.com/voice/2.mp3', 2, 5),
(3, '가족문제, 사회적 고립', '2024-09-10 10:11:08.671753', 'IN_PROGRESS', '적응문제, 사회불안',
'내담자는 최근 몇 년간 거의 외부활동을 하지 않았고 가족과의 갈등도 지속되고 있음. 외부활동을 시도하고 싶지만 두려움이 크다고 표현함.',
'외출 거부, 인터넷 과몰입', '사회적 접촉 회피가 강하고, 초기 개입이 필요한 상태. 상담 지속 필요.',
'http://example.com/voice/3.mp3', 2, 4),
(4, '가족문제, 사회적 고립', '2024-05-14 19:00:55.599548', 'IN_PROGRESS', '적응문제, 사회불안',
'내담자는 최근 몇 년간 거의 외부활동을 하지 않았고 가족과의 갈등도 지속되고 있음. 외부활동을 시도하고 싶지만 두려움이 크다고 표현함.',
'외출 거부, 인터넷 과몰입', '사회적 접촉 회피가 강하고, 초기 개입이 필요한 상태. 상담 지속 필요.',
'http://example.com/voice/4.mp3', 10, 4),
(5, '가족문제, 사회적 고립', '2024-09-28 09:51:11.910677', 'IN_PROGRESS', '적응문제, 사회불안',
'내담자는 최근 몇 년간 거의 외부활동을 하지 않았고 가족과의 갈등도 지속되고 있음. 외부활동을 시도하고 싶지만 두려움이 크다고 표현함.',
'외출 거부, 인터넷 과몰입', '사회적 접촉 회피가 강하고, 초기 개입이 필요한 상태. 상담 지속 필요.',
'http://example.com/voice/5.mp3', 11, 1),
(6, '가족문제, 사회적 고립', '2024-12-06 15:55:49.402412', 'IN_PROGRESS', '적응문제, 사회불안',
'내담자는 최근 몇 년간 거의 외부활동을 하지 않았고 가족과의 갈등도 지속되고 있음. 외부활동을 시도하고 싶지만 두려움이 크다고 표현함.',
'외출 거부, 인터넷 과몰입', '사회적 접촉 회피가 강하고, 초기 개입이 필요한 상태. 상담 지속 필요.',
'http://example.com/voice/6.mp3', 12, 9),
(7, '가족문제, 사회적 고립', '2024-04-22 20:26:33.012379', 'IN_PROGRESS', '적응문제, 사회불안',
'내담자는 최근 몇 년간 거의 외부활동을 하지 않았고 가족과의 갈등도 지속되고 있음. 외부활동을 시도하고 싶지만 두려움이 크다고 표현함.',
'외출 거부, 인터넷 과몰입', '사회적 접촉 회피가 강하고, 초기 개입이 필요한 상태. 상담 지속 필요.',
'http://example.com/voice/7.mp3', 11, 3),
(8, '가족문제, 사회적 고립', '2025-03-04 00:37:37.777306', 'IN_PROGRESS', '적응문제, 사회불안',
'내담자는 최근 몇 년간 거의 외부활동을 하지 않았고 가족과의 갈등도 지속되고 있음. 외부활동을 시도하고 싶지만 두려움이 크다고 표현함.',
'외출 거부, 인터넷 과몰입', '사회적 접촉 회피가 강하고, 초기 개입이 필요한 상태. 상담 지속 필요.',
'http://example.com/voice/8.mp3', 2, 1),
(9, '가족문제, 사회적 고립', '2024-05-10 11:54:40.521215', 'IN_PROGRESS', '적응문제, 사회불안',
'내담자는 최근 몇 년간 거의 외부활동을 하지 않았고 가족과의 갈등도 지속되고 있음. 외부활동을 시도하고 싶지만 두려움이 크다고 표현함.',
'외출 거부, 인터넷 과몰입', '사회적 접촉 회피가 강하고, 초기 개입이 필요한 상태. 상담 지속 필요.',
'http://example.com/voice/9.mp3', 3, 2),
(10, '가족문제, 사회적 고립', '2024-08-19 18:20:03.920054', 'IN_PROGRESS', '적응문제, 사회불안',
'내담자는 최근 몇 년간 거의 외부활동을 하지 않았고 가족과의 갈등도 지속되고 있음. 외부활동을 시도하고 싶지만 두려움이 크다고 표현함.',
'외출 거부, 인터넷 과몰입', '사회적 접촉 회피가 강하고, 초기 개입이 필요한 상태. 상담 지속 필요.',
'http://example.com/voice/10.mp3', 19, 4),
(11, '가족문제, 사회적 고립', '2024-07-07 16:09:48.654228', 'IN_PROGRESS', '적응문제, 사회불안',
'내담자는 최근 몇 년간 거의 외부활동을 하지 않았고 가족과의 갈등도 지속되고 있음. 외부활동을 시도하고 싶지만 두려움이 크다고 표현함.',
'외출 거부, 인터넷 과몰입', '사회적 접촉 회피가 강하고, 초기 개입이 필요한 상태. 상담 지속 필요.',
'http://example.com/voice/11.mp3', 2, 3),
(12, '가족문제, 사회적 고립', '2024-11-17 07:03:34.524488', 'IN_PROGRESS', '적응문제, 사회불안',
'내담자는 최근 몇 년간 거의 외부활동을 하지 않았고 가족과의 갈등도 지속되고 있음. 외부활동을 시도하고 싶지만 두려움이 크다고 표현함.',
'외출 거부, 인터넷 과몰입', '사회적 접촉 회피가 강하고, 초기 개입이 필요한 상태. 상담 지속 필요.',
'http://example.com/voice/12.mp3', 3, 5),
(13, '가족문제, 사회적 고립', '2024-08-19 00:42:19.176209', 'IN_PROGRESS', '적응문제, 사회불안',
'내담자는 최근 몇 년간 거의 외부활동을 하지 않았고 가족과의 갈등도 지속되고 있음. 외부활동을 시도하고 싶지만 두려움이 크다고 표현함.',
'외출 거부, 인터넷 과몰입', '사회적 접촉 회피가 강하고, 초기 개입이 필요한 상태. 상담 지속 필요.',
'http://example.com/voice/13.mp3', 20, 10),
(14, '가족문제, 사회적 고립', '2024-07-23 01:36:25.588872', 'IN_PROGRESS', '적응문제, 사회불안',
'내담자는 최근 몇 년간 거의 외부활동을 하지 않았고 가족과의 갈등도 지속되고 있음. 외부활동을 시도하고 싶지만 두려움이 크다고 표현함.',
'외출 거부, 인터넷 과몰입', '사회적 접촉 회피가 강하고, 초기 개입이 필요한 상태. 상담 지속 필요.',
'http://example.com/voice/14.mp3', 17, 8),
(15, '가족문제, 사회적 고립', '2024-12-21 04:04:03.564809', 'IN_PROGRESS', '적응문제, 사회불안',
'내담자는 최근 몇 년간 거의 외부활동을 하지 않았고 가족과의 갈등도 지속되고 있음. 외부활동을 시도하고 싶지만 두려움이 크다고 표현함.',
'외출 거부, 인터넷 과몰입', '사회적 접촉 회피가 강하고, 초기 개입이 필요한 상태. 상담 지속 필요.',
'http://example.com/voice/15.mp3', 2, 4),
(16, '가족문제, 사회적 고립', '2024-03-21 02:11:18.814266', 'IN_PROGRESS', '적응문제, 사회불안',
'내담자는 최근 몇 년간 거의 외부활동을 하지 않았고 가족과의 갈등도 지속되고 있음. 외부활동을 시도하고 싶지만 두려움이 크다고 표현함.',
'외출 거부, 인터넷 과몰입', '사회적 접촉 회피가 강하고, 초기 개입이 필요한 상태. 상담 지속 필요.',
'http://example.com/voice/16.mp3', 7, 9),
(17, '가족문제, 사회적 고립', '2024-04-18 18:36:59.836645', 'IN_PROGRESS', '적응문제, 사회불안',
'내담자는 최근 몇 년간 거의 외부활동을 하지 않았고 가족과의 갈등도 지속되고 있음. 외부활동을 시도하고 싶지만 두려움이 크다고 표현함.',
'외출 거부, 인터넷 과몰입', '사회적 접촉 회피가 강하고, 초기 개입이 필요한 상태. 상담 지속 필요.',
'http://example.com/voice/17.mp3', 8, 10),
(18, '가족문제, 사회적 고립', '2025-04-11 05:51:20.920179', 'IN_PROGRESS', '적응문제, 사회불안',
'내담자는 최근 몇 년간 거의 외부활동을 하지 않았고 가족과의 갈등도 지속되고 있음. 외부활동을 시도하고 싶지만 두려움이 크다고 표현함.',
'외출 거부, 인터넷 과몰입', '사회적 접촉 회피가 강하고, 초기 개입이 필요한 상태. 상담 지속 필요.',
'http://example.com/voice/18.mp3', 6, 3),
(19, '가족문제, 사회적 고립', '2025-04-16 08:26:11.642280', 'IN_PROGRESS', '적응문제, 사회불안',
'내담자는 최근 몇 년간 거의 외부활동을 하지 않았고 가족과의 갈등도 지속되고 있음. 외부활동을 시도하고 싶지만 두려움이 크다고 표현함.',
'외출 거부, 인터넷 과몰입', '사회적 접촉 회피가 강하고, 초기 개입이 필요한 상태. 상담 지속 필요.',
'http://example.com/voice/19.mp3', 17, 9),
(20, '가족문제, 사회적 고립', '2024-06-02 07:24:36.123949', 'IN_PROGRESS', '적응문제, 사회불안',
'내담자는 최근 몇 년간 거의 외부활동을 하지 않았고 가족과의 갈등도 지속되고 있음. 외부활동을 시도하고 싶지만 두려움이 크다고 표현함.',
'외출 거부, 인터넷 과몰입', '사회적 접촉 회피가 강하고, 초기 개입이 필요한 상태. 상담 지속 필요.',
'http://example.com/voice/20.mp3', 10, 7),
(21, '가족문제, 사회적 고립', '2024-08-13 11:36:38.109868', 'IN_PROGRESS', '적응문제, 사회불안',
'내담자는 최근 몇 년간 거의 외부활동을 하지 않았고 가족과의 갈등도 지속되고 있음. 외부활동을 시도하고 싶지만 두려움이 크다고 표현함.',
'외출 거부, 인터넷 과몰입', '사회적 접촉 회피가 강하고, 초기 개입이 필요한 상태. 상담 지속 필요.',
'http://example.com/voice/21.mp3', 7, 3),
(22, '가족문제, 사회적 고립', '2024-11-03 15:54:45.396786', 'IN_PROGRESS', '적응문제, 사회불안',
'내담자는 최근 몇 년간 거의 외부활동을 하지 않았고 가족과의 갈등도 지속되고 있음. 외부활동을 시도하고 싶지만 두려움이 크다고 표현함.',
'외출 거부, 인터넷 과몰입', '사회적 접촉 회피가 강하고, 초기 개입이 필요한 상태. 상담 지속 필요.',
'http://example.com/voice/22.mp3', 15, 7),
(23, '가족문제, 사회적 고립', '2024-12-04 06:49:39.444467', 'IN_PROGRESS', '적응문제, 사회불안',
'내담자는 최근 몇 년간 거의 외부활동을 하지 않았고 가족과의 갈등도 지속되고 있음. 외부활동을 시도하고 싶지만 두려움이 크다고 표현함.',
'외출 거부, 인터넷 과몰입', '사회적 접촉 회피가 강하고, 초기 개입이 필요한 상태. 상담 지속 필요.',
'http://example.com/voice/23.mp3', 10, 5),
(24, '가족문제, 사회적 고립', '2024-08-10 19:32:03.129995', 'IN_PROGRESS', '적응문제, 사회불안',
'내담자는 최근 몇 년간 거의 외부활동을 하지 않았고 가족과의 갈등도 지속되고 있음. 외부활동을 시도하고 싶지만 두려움이 크다고 표현함.',
'외출 거부, 인터넷 과몰입', '사회적 접촉 회피가 강하고, 초기 개입이 필요한 상태. 상담 지속 필요.',
'http://example.com/voice/24.mp3', 11, 4),
(25, '가족문제, 사회적 고립', '2024-09-10 08:48:25.221845', 'IN_PROGRESS', '적응문제, 사회불안',
'내담자는 최근 몇 년간 거의 외부활동을 하지 않았고 가족과의 갈등도 지속되고 있음. 외부활동을 시도하고 싶지만 두려움이 크다고 표현함.',
'외출 거부, 인터넷 과몰입', '사회적 접촉 회피가 강하고, 초기 개입이 필요한 상태. 상담 지속 필요.',
'http://example.com/voice/25.mp3', 8, 5),
(26, '가족문제, 사회적 고립', '2024-07-12 05:52:23.079239', 'IN_PROGRESS', '적응문제, 사회불안',
'내담자는 최근 몇 년간 거의 외부활동을 하지 않았고 가족과의 갈등도 지속되고 있음. 외부활동을 시도하고 싶지만 두려움이 크다고 표현함.',
'외출 거부, 인터넷 과몰입', '사회적 접촉 회피가 강하고, 초기 개입이 필요한 상태. 상담 지속 필요.',
'http://example.com/voice/26.mp3', 2, 5),
(27, '가족문제, 사회적 고립', '2024-04-22 00:15:04.024631', 'IN_PROGRESS', '적응문제, 사회불안',
'내담자는 최근 몇 년간 거의 외부활동을 하지 않았고 가족과의 갈등도 지속되고 있음. 외부활동을 시도하고 싶지만 두려움이 크다고 표현함.',
'외출 거부, 인터넷 과몰입', '사회적 접촉 회피가 강하고, 초기 개입이 필요한 상태. 상담 지속 필요.',
'http://example.com/voice/27.mp3', 4, 3),
(28, '가족문제, 사회적 고립', '2024-10-31 23:57:39.545698', 'IN_PROGRESS', '적응문제, 사회불안',
'내담자는 최근 몇 년간 거의 외부활동을 하지 않았고 가족과의 갈등도 지속되고 있음. 외부활동을 시도하고 싶지만 두려움이 크다고 표현함.',
'외출 거부, 인터넷 과몰입', '사회적 접촉 회피가 강하고, 초기 개입이 필요한 상태. 상담 지속 필요.',
'http://example.com/voice/28.mp3', 17, 1),
(29, '가족문제, 사회적 고립', '2024-12-17 15:23:55.565826', 'IN_PROGRESS', '적응문제, 사회불안',
'내담자는 최근 몇 년간 거의 외부활동을 하지 않았고 가족과의 갈등도 지속되고 있음. 외부활동을 시도하고 싶지만 두려움이 크다고 표현함.',
'외출 거부, 인터넷 과몰입', '사회적 접촉 회피가 강하고, 초기 개입이 필요한 상태. 상담 지속 필요.',
'http://example.com/voice/29.mp3', 2, 8),
(30, '가족문제, 사회적 고립', '2025-02-05 17:59:30.443298', 'IN_PROGRESS', '적응문제, 사회불안',
'내담자는 최근 몇 년간 거의 외부활동을 하지 않았고 가족과의 갈등도 지속되고 있음. 외부활동을 시도하고 싶지만 두려움이 크다고 표현함.',
'외출 거부, 인터넷 과몰입', '사회적 접촉 회피가 강하고, 초기 개입이 필요한 상태. 상담 지속 필요.',
'http://example.com/voice/30.mp3', 2, 5),
(31, '가족문제, 사회적 고립', '2025-01-24 18:25:32.795186', 'IN_PROGRESS', '적응문제, 사회불안',
'내담자는 최근 몇 년간 거의 외부활동을 하지 않았고 가족과의 갈등도 지속되고 있음. 외부활동을 시도하고 싶지만 두려움이 크다고 표현함.',
'외출 거부, 인터넷 과몰입', '사회적 접촉 회피가 강하고, 초기 개입이 필요한 상태. 상담 지속 필요.',
'http://example.com/voice/31.mp3', 10, 1),
(32, '가족문제, 사회적 고립', '2024-06-25 04:55:28.468129', 'IN_PROGRESS', '적응문제, 사회불안',
'내담자는 최근 몇 년간 거의 외부활동을 하지 않았고 가족과의 갈등도 지속되고 있음. 외부활동을 시도하고 싶지만 두려움이 크다고 표현함.',
'외출 거부, 인터넷 과몰입', '사회적 접촉 회피가 강하고, 초기 개입이 필요한 상태. 상담 지속 필요.',
'http://example.com/voice/32.mp3', 17, 6),
(33, '가족문제, 사회적 고립', '2025-05-12 20:29:22.886791', 'IN_PROGRESS', '적응문제, 사회불안',
'내담자는 최근 몇 년간 거의 외부활동을 하지 않았고 가족과의 갈등도 지속되고 있음. 외부활동을 시도하고 싶지만 두려움이 크다고 표현함.',
'외출 거부, 인터넷 과몰입', '사회적 접촉 회피가 강하고, 초기 개입이 필요한 상태. 상담 지속 필요.',
'http://example.com/voice/33.mp3', 3, 6),
(34, '가족문제, 사회적 고립', '2025-05-22 15:25:15.090320', 'IN_PROGRESS', '적응문제, 사회불안',
'내담자는 최근 몇 년간 거의 외부활동을 하지 않았고 가족과의 갈등도 지속되고 있음. 외부활동을 시도하고 싶지만 두려움이 크다고 표현함.',
'외출 거부, 인터넷 과몰입', '사회적 접촉 회피가 강하고, 초기 개입이 필요한 상태. 상담 지속 필요.',
'http://example.com/voice/34.mp3', 3, 10),
(35, '가족문제, 사회적 고립', '2025-01-20 05:44:53.190686', 'IN_PROGRESS', '적응문제, 사회불안',
'내담자는 최근 몇 년간 거의 외부활동을 하지 않았고 가족과의 갈등도 지속되고 있음. 외부활동을 시도하고 싶지만 두려움이 크다고 표현함.',
'외출 거부, 인터넷 과몰입', '사회적 접촉 회피가 강하고, 초기 개입이 필요한 상태. 상담 지속 필요.',
'http://example.com/voice/35.mp3', 12, 7),
(36, '가족문제, 사회적 고립', '2024-08-20 06:48:45.505719', 'IN_PROGRESS', '적응문제, 사회불안',
'내담자는 최근 몇 년간 거의 외부활동을 하지 않았고 가족과의 갈등도 지속되고 있음. 외부활동을 시도하고 싶지만 두려움이 크다고 표현함.',
'외출 거부, 인터넷 과몰입', '사회적 접촉 회피가 강하고, 초기 개입이 필요한 상태. 상담 지속 필요.',
'http://example.com/voice/36.mp3', 15, 4),
(37, '가족문제, 사회적 고립', '2024-01-28 14:53:00.023671', 'IN_PROGRESS', '적응문제, 사회불안',
'내담자는 최근 몇 년간 거의 외부활동을 하지 않았고 가족과의 갈등도 지속되고 있음. 외부활동을 시도하고 싶지만 두려움이 크다고 표현함.',
'외출 거부, 인터넷 과몰입', '사회적 접촉 회피가 강하고, 초기 개입이 필요한 상태. 상담 지속 필요.',
'http://example.com/voice/37.mp3', 15, 8),
(38, '가족문제, 사회적 고립', '2024-11-26 00:26:07.572754', 'IN_PROGRESS', '적응문제, 사회불안',
'내담자는 최근 몇 년간 거의 외부활동을 하지 않았고 가족과의 갈등도 지속되고 있음. 외부활동을 시도하고 싶지만 두려움이 크다고 표현함.',
'외출 거부, 인터넷 과몰입', '사회적 접촉 회피가 강하고, 초기 개입이 필요한 상태. 상담 지속 필요.',
'http://example.com/voice/38.mp3', 11, 3),
(39, '가족문제, 사회적 고립', '2025-03-07 02:44:00.106537', 'IN_PROGRESS', '적응문제, 사회불안',
'내담자는 최근 몇 년간 거의 외부활동을 하지 않았고 가족과의 갈등도 지속되고 있음. 외부활동을 시도하고 싶지만 두려움이 크다고 표현함.',
'외출 거부, 인터넷 과몰입', '사회적 접촉 회피가 강하고, 초기 개입이 필요한 상태. 상담 지속 필요.',
'http://example.com/voice/39.mp3', 6, 9),
(40, '가족문제, 사회적 고립', '2024-03-16 08:31:35.145116', 'IN_PROGRESS', '적응문제, 사회불안',
'내담자는 최근 몇 년간 거의 외부활동을 하지 않았고 가족과의 갈등도 지속되고 있음. 외부활동을 시도하고 싶지만 두려움이 크다고 표현함.',
'외출 거부, 인터넷 과몰입', '사회적 접촉 회피가 강하고, 초기 개입이 필요한 상태. 상담 지속 필요.',
'http://example.com/voice/40.mp3', 3, 6),
(41, '가족문제, 사회적 고립', '2024-10-24 02:55:38.750175', 'IN_PROGRESS', '적응문제, 사회불안',
'내담자는 최근 몇 년간 거의 외부활동을 하지 않았고 가족과의 갈등도 지속되고 있음. 외부활동을 시도하고 싶지만 두려움이 크다고 표현함.',
'외출 거부, 인터넷 과몰입', '사회적 접촉 회피가 강하고, 초기 개입이 필요한 상태. 상담 지속 필요.',
'http://example.com/voice/41.mp3', 2, 1),
(42, '가족문제, 사회적 고립', '2024-10-11 00:57:45.378467', 'IN_PROGRESS', '적응문제, 사회불안',
'내담자는 최근 몇 년간 거의 외부활동을 하지 않았고 가족과의 갈등도 지속되고 있음. 외부활동을 시도하고 싶지만 두려움이 크다고 표현함.',
'외출 거부, 인터넷 과몰입', '사회적 접촉 회피가 강하고, 초기 개입이 필요한 상태. 상담 지속 필요.',
'http://example.com/voice/42.mp3', 8, 8),
(43, '가족문제, 사회적 고립', '2025-04-26 19:49:19.088170', 'IN_PROGRESS', '적응문제, 사회불안',
'내담자는 최근 몇 년간 거의 외부활동을 하지 않았고 가족과의 갈등도 지속되고 있음. 외부활동을 시도하고 싶지만 두려움이 크다고 표현함.',
'외출 거부, 인터넷 과몰입', '사회적 접촉 회피가 강하고, 초기 개입이 필요한 상태. 상담 지속 필요.',
'http://example.com/voice/43.mp3', 15, 8),
(44, '가족문제, 사회적 고립', '2024-03-22 22:26:07.435885', 'IN_PROGRESS', '적응문제, 사회불안',
'내담자는 최근 몇 년간 거의 외부활동을 하지 않았고 가족과의 갈등도 지속되고 있음. 외부활동을 시도하고 싶지만 두려움이 크다고 표현함.',
'외출 거부, 인터넷 과몰입', '사회적 접촉 회피가 강하고, 초기 개입이 필요한 상태. 상담 지속 필요.',
'http://example.com/voice/44.mp3', 5, 6),
(45, '가족문제, 사회적 고립', '2024-02-25 18:22:46.208185', 'IN_PROGRESS', '적응문제, 사회불안',
'내담자는 최근 몇 년간 거의 외부활동을 하지 않았고 가족과의 갈등도 지속되고 있음. 외부활동을 시도하고 싶지만 두려움이 크다고 표현함.',
'외출 거부, 인터넷 과몰입', '사회적 접촉 회피가 강하고, 초기 개입이 필요한 상태. 상담 지속 필요.',
'http://example.com/voice/45.mp3', 12, 4),
(46, '가족문제, 사회적 고립', '2024-11-30 04:13:43.265771', 'IN_PROGRESS', '적응문제, 사회불안',
'내담자는 최근 몇 년간 거의 외부활동을 하지 않았고 가족과의 갈등도 지속되고 있음. 외부활동을 시도하고 싶지만 두려움이 크다고 표현함.',
'외출 거부, 인터넷 과몰입', '사회적 접촉 회피가 강하고, 초기 개입이 필요한 상태. 상담 지속 필요.',
'http://example.com/voice/46.mp3', 20, 8),
(47, '가족문제, 사회적 고립', '2024-10-13 10:05:13.966373', 'IN_PROGRESS', '적응문제, 사회불안',
'내담자는 최근 몇 년간 거의 외부활동을 하지 않았고 가족과의 갈등도 지속되고 있음. 외부활동을 시도하고 싶지만 두려움이 크다고 표현함.',
'외출 거부, 인터넷 과몰입', '사회적 접촉 회피가 강하고, 초기 개입이 필요한 상태. 상담 지속 필요.',
'http://example.com/voice/47.mp3', 17, 2),
(48, '가족문제, 사회적 고립', '2025-02-08 22:54:52.962736', 'IN_PROGRESS', '적응문제, 사회불안',
'내담자는 최근 몇 년간 거의 외부활동을 하지 않았고 가족과의 갈등도 지속되고 있음. 외부활동을 시도하고 싶지만 두려움이 크다고 표현함.',
'외출 거부, 인터넷 과몰입', '사회적 접촉 회피가 강하고, 초기 개입이 필요한 상태. 상담 지속 필요.',
'http://example.com/voice/48.mp3', 5, 10),
(49, '가족문제, 사회적 고립', '2024-07-06 06:40:25.608712', 'IN_PROGRESS', '적응문제, 사회불안',
'내담자는 최근 몇 년간 거의 외부활동을 하지 않았고 가족과의 갈등도 지속되고 있음. 외부활동을 시도하고 싶지만 두려움이 크다고 표현함.',
'외출 거부, 인터넷 과몰입', '사회적 접촉 회피가 강하고, 초기 개입이 필요한 상태. 상담 지속 필요.',
'http://example.com/voice/49.mp3', 15, 2),
(50, '가족문제, 사회적 고립', '2024-12-28 02:18:04.356594', 'IN_PROGRESS', '적응문제, 사회불안',
'내담자는 최근 몇 년간 거의 외부활동을 하지 않았고 가족과의 갈등도 지속되고 있음. 외부활동을 시도하고 싶지만 두려움이 크다고 표현함.',
'외출 거부, 인터넷 과몰입', '사회적 접촉 회피가 강하고, 초기 개입이 필요한 상태. 상담 지속 필요.',
'http://example.com/voice/50.mp3', 19, 8);

INSERT INTO "public"."survey_questions" ("id", "content", "question_code") VALUES
(1, '나는 지난 1주일 간 경제(소비/생산)활동이 전혀 없었고 1개월 이내에 구직활동 및 학업활동을 하지 않았다.', '가');
INSERT INTO "public"."survey_questions" ("id", "content", "question_code") VALUES
(2, '나의 생활패턴에 가장 가까운 생활을 선택해주세요', '나');
INSERT INTO "public"."survey_questions" ("id", "content", "question_code") VALUES
(3, '나는 사람과 거리를 둔다.', '다');
INSERT INTO "public"."survey_questions" ("id", "content", "question_code") VALUES
(4, '하루종일 집에서 보낸다', '라'),
(5, '모르는 사람과 만나는 것을 아주 좋아한다.', '마'),
(6, '누군가와 함께 하는 것을 불편하게 느낀다.', '바'),
(7, '사람이 귀찮다.', '사'),
(8, '하루종일 혼자서 지낸다.', '아'),
(9, '사람들에게 보여지는 것이 싫다.', '자'),
(10, '집단에 들어가는 것이 서투르다.', '차'),
(11, '사람들과 교류하는 일이 거의 없다.', '카'),
(12, '현재 주요 고민 내용을 입력해주세요.', '타'),
(13, '청년이음 사업을 알게 된 경로', ''),
(14, '본인이 생각하는 은둔, 고립 시작 이유', ''),
(15, '은둔, 고립을 시작하게 된 날짜', ''),
(16, '이름', ''),
(17, '전화번호', ''),
(18, '비상연락망', ''),
(19, '생년월일', '');

INSERT INTO survey_versions (id, version, personal_info_id, survey_date)
VALUES
(1, 1, 1, '2025-05-20'),
(2, 1, 2, '2025-05-20'),
(3, 1, 3, '2025-05-20'),
(4, 1, 4, '2025-05-20'),
(5, 1, 5, '2025-05-20'),
(6, 1, 6, '2025-05-20'),
(7, 1, 7, '2025-05-20'),
(8, 1, 8, '2025-05-20'),
(9, 1, 9, '2025-05-20'),
(10, 1, 10, '2025-05-20');

INSERT INTO survey_scale_scores (id, socioeconomic_score, social_interaction_score, lifestyle_score, survey_version_id)
VALUES
(1, 15, 10, 10, 1),
(2, 5, 6, 9, 2),
(3, 14, 15, 11, 3),
(4, 9, 6, 8, 4),
(5, 15, 5, 5, 5),
(6, 13, 5, 5, 6),
(7, 11, 10, 7, 7),
(8, 10, 14, 6, 8),
(9, 5, 10, 8, 9),
(10, 12, 11, 15, 10);

INSERT INTO survey_answers (id, answer_text, answer_choice, survey_question_id, survey_version_id)
VALUES
(1, '1번 설문 응답 - 질문 1', '선택지 3', 1, 1),
(2, '1번 설문 응답 - 질문 2', '선택지 5', 2, 1),
(3, '1번 설문 응답 - 질문 3', '선택지 6', 3, 1),
(4, '1번 설문 응답 - 질문 4', '선택지 4', 4, 1),
(5, '1번 설문 응답 - 질문 5', '선택지 1', 5, 1),
(6, '1번 설문 응답 - 질문 6', '선택지 2', 6, 1),
(7, '1번 설문 응답 - 질문 7', '선택지 1', 7, 1),
(8, '1번 설문 응답 - 질문 8', '선택지 2', 8, 1),
(9, '1번 설문 응답 - 질문 9', '선택지 1', 9, 1),
(10, '1번 설문 응답 - 질문 10', '선택지 1', 10, 1),
(11, '1번 설문 응답 - 질문 11', '선택지 5', 11, 1),
(12, '1번 설문 응답 - 질문 12', '선택지 4', 12, 1),
(13, '1번 설문 응답 - 질문 13', '선택지 5', 13, 1),
(14, '1번 설문 응답 - 질문 14', '선택지 2', 14, 1),
(15, '1번 설문 응답 - 질문 15', '선택지 6', 15, 1),
(16, '1번 설문 응답 - 질문 16', '선택지 5', 16, 1),
(17, '1번 설문 응답 - 질문 17', '선택지 4', 17, 1),
(18, '1번 설문 응답 - 질문 18', '선택지 4', 18, 1),
(19, '1번 설문 응답 - 질문 19', '선택지 5', 19, 1),
(20, '2번 설문 응답 - 질문 1', '선택지 2', 1, 2),
(21, '2번 설문 응답 - 질문 2', '선택지 1', 2, 2),
(22, '2번 설문 응답 - 질문 3', '선택지 6', 3, 2),
(23, '2번 설문 응답 - 질문 4', '선택지 6', 4, 2),
(24, '2번 설문 응답 - 질문 5', '선택지 4', 5, 2),
(25, '2번 설문 응답 - 질문 6', '선택지 3', 6, 2),
(26, '2번 설문 응답 - 질문 7', '선택지 1', 7, 2),
(27, '2번 설문 응답 - 질문 8', '선택지 6', 8, 2),
(28, '2번 설문 응답 - 질문 9', '선택지 6', 9, 2),
(29, '2번 설문 응답 - 질문 10', '선택지 5', 10, 2),
(30, '2번 설문 응답 - 질문 11', '선택지 1', 11, 2),
(31, '2번 설문 응답 - 질문 12', '선택지 3', 12, 2),
(32, '2번 설문 응답 - 질문 13', '선택지 6', 13, 2),
(33, '2번 설문 응답 - 질문 14', '선택지 4', 14, 2),
(34, '2번 설문 응답 - 질문 15', '선택지 3', 15, 2),
(35, '2번 설문 응답 - 질문 16', '선택지 2', 16, 2),
(36, '2번 설문 응답 - 질문 17', '선택지 3', 17, 2),
(37, '2번 설문 응답 - 질문 18', '선택지 1', 18, 2),
(38, '2번 설문 응답 - 질문 19', '선택지 6', 19, 2),
(39, '3번 설문 응답 - 질문 1', '선택지 2', 1, 3),
(40, '3번 설문 응답 - 질문 2', '선택지 5', 2, 3),
(41, '3번 설문 응답 - 질문 3', '선택지 3', 3, 3),
(42, '3번 설문 응답 - 질문 4', '선택지 1', 4, 3),
(43, '3번 설문 응답 - 질문 5', '선택지 3', 5, 3),
(44, '3번 설문 응답 - 질문 6', '선택지 2', 6, 3),
(45, '3번 설문 응답 - 질문 7', '선택지 5', 7, 3),
(46, '3번 설문 응답 - 질문 8', '선택지 3', 8, 3),
(47, '3번 설문 응답 - 질문 9', '선택지 6', 9, 3),
(48, '3번 설문 응답 - 질문 10', '선택지 3', 10, 3),
(49, '3번 설문 응답 - 질문 11', '선택지 6', 11, 3),
(50, '3번 설문 응답 - 질문 12', '선택지 1', 12, 3),
(51, '3번 설문 응답 - 질문 13', '선택지 6', 13, 3),
(52, '3번 설문 응답 - 질문 14', '선택지 1', 14, 3),
(53, '3번 설문 응답 - 질문 15', '선택지 5', 15, 3),
(54, '3번 설문 응답 - 질문 16', '선택지 4', 16, 3),
(55, '3번 설문 응답 - 질문 17', '선택지 1', 17, 3),
(56, '3번 설문 응답 - 질문 18', '선택지 2', 18, 3),
(57, '3번 설문 응답 - 질문 19', '선택지 2', 19, 3),
(58, '4번 설문 응답 - 질문 1', '선택지 5', 1, 4),
(59, '4번 설문 응답 - 질문 2', '선택지 1', 2, 4),
(60, '4번 설문 응답 - 질문 3', '선택지 3', 3, 4),
(61, '4번 설문 응답 - 질문 4', '선택지 5', 4, 4),
(62, '4번 설문 응답 - 질문 5', '선택지 2', 5, 4),
(63, '4번 설문 응답 - 질문 6', '선택지 3', 6, 4),
(64, '4번 설문 응답 - 질문 7', '선택지 3', 7, 4),
(65, '4번 설문 응답 - 질문 8', '선택지 4', 8, 4),
(66, '4번 설문 응답 - 질문 9', '선택지 2', 9, 4),
(67, '4번 설문 응답 - 질문 10', '선택지 3', 10, 4),
(68, '4번 설문 응답 - 질문 11', '선택지 4', 11, 4),
(69, '4번 설문 응답 - 질문 12', '선택지 2', 12, 4),
(70, '4번 설문 응답 - 질문 13', '선택지 5', 13, 4),
(71, '4번 설문 응답 - 질문 14', '선택지 1', 14, 4),
(72, '4번 설문 응답 - 질문 15', '선택지 6', 15, 4),
(73, '4번 설문 응답 - 질문 16', '선택지 1', 16, 4),
(74, '4번 설문 응답 - 질문 17', '선택지 2', 17, 4),
(75, '4번 설문 응답 - 질문 18', '선택지 1', 18, 4),
(76, '4번 설문 응답 - 질문 19', '선택지 6', 19, 4),
(77, '5번 설문 응답 - 질문 1', '선택지 5', 1, 5),
(78, '5번 설문 응답 - 질문 2', '선택지 1', 2, 5),
(79, '5번 설문 응답 - 질문 3', '선택지 5', 3, 5),
(80, '5번 설문 응답 - 질문 4', '선택지 4', 4, 5),
(81, '5번 설문 응답 - 질문 5', '선택지 2', 5, 5),
(82, '5번 설문 응답 - 질문 6', '선택지 3', 6, 5),
(83, '5번 설문 응답 - 질문 7', '선택지 5', 7, 5),
(84, '5번 설문 응답 - 질문 8', '선택지 2', 8, 5),
(85, '5번 설문 응답 - 질문 9', '선택지 3', 9, 5),
(86, '5번 설문 응답 - 질문 10', '선택지 4', 10, 5),
(87, '5번 설문 응답 - 질문 11', '선택지 2', 11, 5),
(88, '5번 설문 응답 - 질문 12', '선택지 1', 12, 5),
(89, '5번 설문 응답 - 질문 13', '선택지 2', 13, 5),
(90, '5번 설문 응답 - 질문 14', '선택지 4', 14, 5),
(91, '5번 설문 응답 - 질문 15', '선택지 1', 15, 5),
(92, '5번 설문 응답 - 질문 16', '선택지 4', 16, 5),
(93, '5번 설문 응답 - 질문 17', '선택지 3', 17, 5),
(94, '5번 설문 응답 - 질문 18', '선택지 6', 18, 5),
(95, '5번 설문 응답 - 질문 19', '선택지 1', 19, 5),
(96, '6번 설문 응답 - 질문 1', '선택지 6', 1, 6),
(97, '6번 설문 응답 - 질문 2', '선택지 6', 2, 6),
(98, '6번 설문 응답 - 질문 3', '선택지 2', 3, 6),
(99, '6번 설문 응답 - 질문 4', '선택지 3', 4, 6),
(100, '6번 설문 응답 - 질문 5', '선택지 3', 5, 6),
(101, '6번 설문 응답 - 질문 6', '선택지 2', 6, 6),
(102, '6번 설문 응답 - 질문 7', '선택지 1', 7, 6),
(103, '6번 설문 응답 - 질문 8', '선택지 1', 8, 6),
(104, '6번 설문 응답 - 질문 9', '선택지 1', 9, 6),
(105, '6번 설문 응답 - 질문 10', '선택지 1', 10, 6),
(106, '6번 설문 응답 - 질문 11', '선택지 5', 11, 6),
(107, '6번 설문 응답 - 질문 12', '선택지 3', 12, 6),
(108, '6번 설문 응답 - 질문 13', '선택지 2', 13, 6),
(109, '6번 설문 응답 - 질문 14', '선택지 6', 14, 6),
(110, '6번 설문 응답 - 질문 15', '선택지 2', 15, 6),
(111, '6번 설문 응답 - 질문 16', '선택지 2', 16, 6),
(112, '6번 설문 응답 - 질문 17', '선택지 4', 17, 6),
(113, '6번 설문 응답 - 질문 18', '선택지 3', 18, 6),
(114, '6번 설문 응답 - 질문 19', '선택지 4', 19, 6),
(115, '7번 설문 응답 - 질문 1', '선택지 1', 1, 7),
(116, '7번 설문 응답 - 질문 2', '선택지 2', 2, 7),
(117, '7번 설문 응답 - 질문 3', '선택지 1', 3, 7),
(118, '7번 설문 응답 - 질문 4', '선택지 2', 4, 7),
(119, '7번 설문 응답 - 질문 5', '선택지 4', 5, 7),
(120, '7번 설문 응답 - 질문 6', '선택지 5', 6, 7),
(121, '7번 설문 응답 - 질문 7', '선택지 5', 7, 7),
(122, '7번 설문 응답 - 질문 8', '선택지 2', 8, 7),
(123, '7번 설문 응답 - 질문 9', '선택지 3', 9, 7),
(124, '7번 설문 응답 - 질문 10', '선택지 1', 10, 7),
(125, '7번 설문 응답 - 질문 11', '선택지 1', 11, 7),
(126, '7번 설문 응답 - 질문 12', '선택지 5', 12, 7),
(127, '7번 설문 응답 - 질문 13', '선택지 4', 13, 7),
(128, '7번 설문 응답 - 질문 14', '선택지 2', 14, 7),
(129, '7번 설문 응답 - 질문 15', '선택지 6', 15, 7),
(130, '7번 설문 응답 - 질문 16', '선택지 1', 16, 7),
(131, '7번 설문 응답 - 질문 17', '선택지 5', 17, 7),
(132, '7번 설문 응답 - 질문 18', '선택지 4', 18, 7),
(133, '7번 설문 응답 - 질문 19', '선택지 5', 19, 7),
(134, '8번 설문 응답 - 질문 1', '선택지 4', 1, 8),
(135, '8번 설문 응답 - 질문 2', '선택지 1', 2, 8),
(136, '8번 설문 응답 - 질문 3', '선택지 1', 3, 8),
(137, '8번 설문 응답 - 질문 4', '선택지 2', 4, 8),
(138, '8번 설문 응답 - 질문 5', '선택지 5', 5, 8),
(139, '8번 설문 응답 - 질문 6', '선택지 4', 6, 8),
(140, '8번 설문 응답 - 질문 7', '선택지 4', 7, 8),
(141, '8번 설문 응답 - 질문 8', '선택지 1', 8, 8),
(142, '8번 설문 응답 - 질문 9', '선택지 2', 9, 8),
(143, '8번 설문 응답 - 질문 10', '선택지 5', 10, 8),
(144, '8번 설문 응답 - 질문 11', '선택지 3', 11, 8),
(145, '8번 설문 응답 - 질문 12', '선택지 1', 12, 8),
(146, '8번 설문 응답 - 질문 13', '선택지 5', 13, 8),
(147, '8번 설문 응답 - 질문 14', '선택지 3', 14, 8),
(148, '8번 설문 응답 - 질문 15', '선택지 5', 15, 8),
(149, '8번 설문 응답 - 질문 16', '선택지 5', 16, 8),
(150, '8번 설문 응답 - 질문 17', '선택지 4', 17, 8),
(151, '8번 설문 응답 - 질문 18', '선택지 1', 18, 8),
(152, '8번 설문 응답 - 질문 19', '선택지 3', 19, 8),
(153, '9번 설문 응답 - 질문 1', '선택지 5', 1, 9),
(154, '9번 설문 응답 - 질문 2', '선택지 4', 2, 9),
(155, '9번 설문 응답 - 질문 3', '선택지 3', 3, 9),
(156, '9번 설문 응답 - 질문 4', '선택지 5', 4, 9),
(157, '9번 설문 응답 - 질문 5', '선택지 6', 5, 9),
(158, '9번 설문 응답 - 질문 6', '선택지 6', 6, 9),
(159, '9번 설문 응답 - 질문 7', '선택지 4', 7, 9),
(160, '9번 설문 응답 - 질문 8', '선택지 3', 8, 9),
(161, '9번 설문 응답 - 질문 9', '선택지 1', 9, 9),
(162, '9번 설문 응답 - 질문 10', '선택지 6', 10, 9),
(163, '9번 설문 응답 - 질문 11', '선택지 2', 11, 9),
(164, '9번 설문 응답 - 질문 12', '선택지 4', 12, 9),
(165, '9번 설문 응답 - 질문 13', '선택지 1', 13, 9),
(166, '9번 설문 응답 - 질문 14', '선택지 4', 14, 9),
(167, '9번 설문 응답 - 질문 15', '선택지 2', 15, 9),
(168, '9번 설문 응답 - 질문 16', '선택지 1', 16, 9),
(169, '9번 설문 응답 - 질문 17', '선택지 1', 17, 9),
(170, '9번 설문 응답 - 질문 18', '선택지 4', 18, 9),
(171, '9번 설문 응답 - 질문 19', '선택지 4', 19, 9),
(172, '10번 설문 응답 - 질문 1', '선택지 5', 1, 10),
(173, '10번 설문 응답 - 질문 2', '선택지 6', 2, 10),
(174, '10번 설문 응답 - 질문 3', '선택지 3', 3, 10),
(175, '10번 설문 응답 - 질문 4', '선택지 6', 4, 10),
(176, '10번 설문 응답 - 질문 5', '선택지 3', 5, 10),
(177, '10번 설문 응답 - 질문 6', '선택지 2', 6, 10),
(178, '10번 설문 응답 - 질문 7', '선택지 2', 7, 10),
(179, '10번 설문 응답 - 질문 8', '선택지 5', 8, 10),
(180, '10번 설문 응답 - 질문 9', '선택지 5', 9, 10),
(181, '10번 설문 응답 - 질문 10', '선택지 4', 10, 10),
(182, '10번 설문 응답 - 질문 11', '선택지 4', 11, 10),
(183, '10번 설문 응답 - 질문 12', '선택지 6', 12, 10),
(184, '10번 설문 응답 - 질문 13', '선택지 2', 13, 10),
(185, '10번 설문 응답 - 질문 14', '선택지 6', 14, 10),
(186, '10번 설문 응답 - 질문 15', '선택지 3', 15, 10),
(187, '10번 설문 응답 - 질문 16', '선택지 4', 16, 10),
(188, '10번 설문 응답 - 질문 17', '선택지 4', 17, 10),
(189, '10번 설문 응답 - 질문 18', '선택지 6', 18, 10),
(190, '10번 설문 응답 - 질문 19', '선택지 3', 19, 10);


INSERT INTO partner_organizations (organization_name, address, phone_number, latitude, longitude, type, hangjung_id)
VALUES
('원동면 행정복지센터', '경상남도 양산시 원동면 삼성로 112', '055-3000-8622', 35.4091, 129.1023, '장애인거주시설', 1),
('서창동 복지회관', '경상남도 양산시 서창동 신기리로 24', '055-3034-1111', 35.4424, 129.1303, '장애인직업재활시설', 2),
('평산동 노인센터', '경상남도 양산시 평산동 물금읍성로 246', '055-3033-2222', 35.3889, 129.1452, '노인일자리지원기관', 3),
('양주동 복지관', '경상남도 양산시 양주동 강서로 7', '055-3032-3333', 35.3958, 129.0110, '노인복지관', 4),
('덕계동 행정복지센터', '경상남도 양산시 덕계동 양주로 18', '055-3031-4444', 35.3376, 129.0716, '장애인공동생활가정', 5),
('물금읍 문화센터', '경상남도 양산시 물금읍 순지리로 179', '055-3030-5555', 35.3577, 129.0507, '노인일자리지원기관', 6),
('상북면 보건소', '경상남도 양산시 상북면 물금읍성로 58', '055-3029-6666', 35.4139, 129.1938, '사회복지관', 7),
('중앙동 복지센터', '경상남도 양산시 중앙동 물금읍성로 247', '055-3027-8888', 35.4277, 129.1905, '노인주거복지시설', 9),
('삼성동 보건지소', '경상남도 양산시 삼성동 물금읍성로 187', '055-3026-9999', 35.3646, 129.1078, '장애인거주시설', 10),
('강서동 문화센터', '경상남도 양산시 강서동 물금읍성로 85', '055-3025-0000', 35.3933, 129.1610, '재가노인복지시설', 11),
('중앙동 노인복지관', '경상남도 양산시 중앙동 물금읍성로 254', '055-3023-1212', 35.3632, 129.1019, '노인복지관', 9),
('동면 복지센터', '경상남도 양산시 동면 신기리로 55', '055-3022-1313', 35.4498, 129.0568, '장애인단기거주시설', 13),
('강서동 보건소', '경상남도 양산시 강서동 신기리로 48', '055-3021-1414', 35.4271, 129.0727, '노인의료복지시설', 11),
('소주동 장애인복지관', '경상남도 양산시 소주동 삼성로 193', '055-3020-1515', 35.4089, 129.0824, '장애인직업재활시설', 12),
('덕계동 재가센터', '경상남도 양산시 덕계동 강서로 210', '055-3019-1616', 35.4987, 129.0159, '재가노인복지시설', 5),
('물금읍 노인센터', '경상남도 양산시 물금읍 신기리로 206', '055-3017-1818', 35.4347, 129.1358, '노인일자리지원기관', 6);
